<?xml version="1.0" encoding="UTF-8"?>
<!--
  ~ Copyright DataStax, Inc.
  ~
  ~ Please see the included license file for details.
  -->

<configuration>

    <appender name="STDOUT" class="ch.qos.logback.core.ConsoleAppender">
        <encoder class="ch.qos.logback.classic.encoder.PatternLayoutEncoder">
            <pattern>
                %d{yyyy-MM-dd HH:mm:ss} [%thread] %-5level %logger{36} - %msg%n
            </pattern>
        </encoder>
    </appender>

    <root level="warn">
        <appender-ref ref="STDOUT" />
    </root>

</configuration>
